mutation,13,21,23,25,28,31,33,35,36,38,40,41,42,45,46,50,54,55,60,64,65,69,70,74,75,79,83
A2A,295.0,21.0,472.0,1065.0,349.0,22.0,529.0,1395.0,19.0,610.0,728.0,37.0,824.0,1415.0,116.0,2109.0,2128.0,825.0,1089.0,1519.0,424.0,382.0,290.0,359.0,150.0,212.0,49.0
A2C,173.0,0.0,89.0,9.0,16.0,0.0,23.0,5.0,0.0,12.0,0.0,0.0,4.0,1.0,0.0,2.0,0.0,1.0,0.0,0.0,0.0,0.0,1.0,0.0,0.0,0.0,0.0
A2G,182.0,7.0,80.0,15.0,11.0,2.0,14.0,10.0,0.0,2.0,5.0,0.0,4.0,7.0,0.0,7.0,5.0,7.0,2.0,11.0,1.0,1.0,1.0,5.0,0.0,1.0,0.0
A2T,165.0,0.0,57.0,23.0,15.0,0.0,15.0,3.0,0.0,2.0,2.0,0.0,2.0,2.0,0.0,0.0,0.0,0.0,1.0,0.0,0.0,0.0,0.0,0.0,0.0,0.0,0.0
C2A,53.0,0.0,20.0,1.0,7.0,0.0,5.0,0.0,0.0,6.0,2.0,0.0,6.0,1.0,0.0,2.0,2.0,0.0,1.0,3.0,0.0,0.0,0.0,0.0,0.0,0.0,0.0
C2C,60.0,2.0,215.0,256.0,194.0,5.0,284.0,493.0,5.0,746.0,349.0,19.0,1362.0,627.0,29.0,1732.0,3577.0,379.0,1035.0,2683.0,243.0,654.0,233.0,878.0,91.0,413.0,122.0
C2G,65.0,0.0,21.0,4.0,3.0,0.0,0.0,1.0,0.0,0.0,0.0,0.0,0.0,1.0,0.0,1.0,0.0,0.0,0.0,3.0,0.0,0.0,0.0,1.0,0.0,0.0,0.0
C2T,42.0,0.0,16.0,2.0,2.0,0.0,3.0,0.0,0.0,4.0,2.0,0.0,2.0,1.0,0.0,2.0,6.0,0.0,1.0,3.0,2.0,2.0,1.0,3.0,1.0,1.0,1.0
G2A,204.0,0.0,63.0,6.0,24.0,0.0,17.0,1.0,0.0,11.0,3.0,0.0,3.0,1.0,0.0,7.0,3.0,1.0,6.0,1.0,0.0,0.0,1.0,3.0,0.0,1.0,0.0
G2C,228.0,9.0,90.0,22.0,43.0,3.0,46.0,8.0,2.0,51.0,0.0,0.0,16.0,2.0,2.0,0.0,1.0,0.0,0.0,0.0,0.0,0.0,0.0,0.0,0.0,0.0,0.0
G2G,444.0,210.0,677.0,681.0,402.0,178.0,445.0,1219.0,116.0,484.0,631.0,201.0,687.0,1335.0,340.0,2319.0,1979.0,695.0,1000.0,1054.0,429.0,323.0,325.0,404.0,158.0,309.0,65.0
G2T,164.0,0.0,85.0,31.0,40.0,0.0,45.0,7.0,0.0,40.0,1.0,0.0,17.0,3.0,0.0,3.0,0.0,0.0,0.0,0.0,1.0,0.0,0.0,0.0,0.0,0.0,0.0
T2A,54.0,0.0,10.0,3.0,0.0,0.0,0.0,0.0,0.0,0.0,0.0,0.0,0.0,0.0,0.0,2.0,0.0,0.0,1.0,1.0,0.0,0.0,0.0,0.0,0.0,0.0,0.0
T2C,200.0,4.0,117.0,14.0,38.0,2.0,21.0,7.0,0.0,13.0,0.0,1.0,5.0,6.0,0.0,0.0,2.0,4.0,0.0,4.0,0.0,0.0,0.0,0.0,0.0,0.0,0.0
T2G,86.0,0.0,61.0,13.0,8.0,0.0,15.0,10.0,0.0,2.0,0.0,0.0,0.0,4.0,0.0,0.0,0.0,1.0,0.0,0.0,0.0,0.0,0.0,0.0,0.0,0.0,0.0
T2T,143.0,56.0,266.0,288.0,396.0,14.0,380.0,217.0,15.0,1310.0,182.0,28.0,2554.0,224.0,38.0,500.0,671.0,64.0,107.0,222.0,33.0,31.0,11.0,26.0,10.0,14.0,3.0
